title,price,quantity,store,availability,primaryProductId,category,longSku,rollback,productType,storeName,storeAddress,storeCity,strikethrough,upc,usItemId,storePostalCode,storeStateOrProvinceCode,reducedPrice,clearance,wupc
Google Chromecast 3rd Gen - NEW,35.0,In stock,5,AVAILABLE,2279A06GN55K,Home Page/Electronics/Home Audio & Theater/Home Theater/Media Players & Recorders/Google Chromecast,00842776106131,False,Streaming Media Players,Conway Supercenter,1155 Hwy 65 North,Conway,False,842776106131,435188866,72032,AR,False,False,
Google Chromecast 3rd Gen - NEW,35.0,In stock,8,AVAILABLE,2279A06GN55K,Home Page/Electronics/Home Audio & Theater/Home Theater/Media Players & Recorders/Google Chromecast,00842776106131,False,Streaming Media Players,Morrilton Supercenter,1621 North Business 9,Morrilton,False,842776106131,435188866,72110,AR,False,False,
Google Chromecast 3rd Gen - NEW,35.0,In stock,9,AVAILABLE,2279A06GN55K,Home Page/Electronics/Home Audio & Theater/Home Theater/Media Players & Recorders/Google Chromecast,00842776106131,False,Streaming Media Players,Sikeston Supercenter,1303 S Main St,Sikeston,False,842776106131,435188866,63801,MO,False,False,
Google Chromecast 3rd Gen - NEW,35.0,In stock,1,AVAILABLE,2279A06GN55K,Home Page/Electronics/Home Audio & Theater/Home Theater/Media Players & Recorders/Google Chromecast,00842776106131,False,Streaming Media Players,Rogers Supercenter,2110 W Walnut St,Rogers,False,842776106131,435188866,72756,AR,False,False,
Google Chromecast 3rd Gen - NEW,35.0,In stock,3,AVAILABLE,2279A06GN55K,Home Page/Electronics/Home Audio & Theater/Home Theater/Media Players & Recorders/Google Chromecast,00842776106131,False,Streaming Media Players,Commerce Supercenter,30983 Highway 441 S,Commerce,False,842776106131,435188866,30529,GA,False,False,
Google Chromecast 3rd Gen - NEW,35.0,In stock,18,AVAILABLE,2279A06GN55K,Home Page/Electronics/Home Audio & Theater/Home Theater/Media Players & Recorders/Google Chromecast,00842776106131,False,Streaming Media Players,Newport Supercenter,1211 Highway 367 N,Newport,False,842776106131,435188866,72112,AR,False,False,
Google Chromecast 3rd Gen - NEW,35.0,In stock,7,AVAILABLE,2279A06GN55K,Home Page/Electronics/Home Audio & Theater/Home Theater/Media Players & Recorders/Google Chromecast,00842776106131,False,Streaming Media Players,Sherwood Supercenter,9053 Highway 107,Sherwood,False,842776106131,435188866,72120,AR,False,False,
Google Chromecast 3rd Gen - NEW,35.0,In stock,17,AVAILABLE,2279A06GN55K,Home Page/Electronics/Home Audio & Theater/Home Theater/Media Players & Recorders/Google Chromecast,00842776106131,False,Streaming Media Players,Neosho Supercenter,3200 Lusk Dr,Neosho,False,842776106131,435188866,64850,MO,False,False,
Google Chromecast 3rd Gen - NEW,35.0,In stock,26,AVAILABLE,2279A06GN55K,Home Page/Electronics/Home Audio & Theater/Home Theater/Media Players & Recorders/Google Chromecast,00842776106131,False,Streaming Media Players,Leavenworth Supercenter,5000 10th Ave,Leavenworth,False,842776106131,435188866,66048,KS,False,False,
Google Chromecast 3rd Gen - NEW,35.0,In stock,23,AVAILABLE,2279A06GN55K,Home Page/Electronics/Home Audio & Theater/Home Theater/Media Players & Recorders/Google Chromecast,00842776106131,False,Streaming Media Players,Ruston Supercenter,1201 N Service Rd E,Ruston,False,842776106131,435188866,71270,LA,False,False,
Google Chromecast 3rd Gen - NEW,35.0,In stock,12,AVAILABLE,2279A06GN55K,Home Page/Electronics/Home Audio & Theater/Home Theater/Media Players & Recorders/Google Chromecast,00842776106131,False,Streaming Media Players,Claremore Supercenter,1500 S Lynn Riggs Blvd,Claremore,False,842776106131,435188866,74017,OK,False,False,
Google Chromecast 3rd Gen - NEW,35.0,In stock,21,AVAILABLE,2279A06GN55K,Home Page/Electronics/Home Audio & Theater/Home Theater/Media Players & Recorders/Google Chromecast,00842776106131,False,Streaming Media Players,Saint Robert Supercenter,185 Saint Robert Blvd,Saint Robert,False,842776106131,435188866,65584,MO,False,False,
Google Chromecast 3rd Gen - NEW,35.0,In stock,22,AVAILABLE,2279A06GN55K,Home Page/Electronics/Home Audio & Theater/Home Theater/Media Players & Recorders/Google Chromecast,00842776106131,False,Streaming Media Players,Pryor Supercenter,4901 S Mill St,Pryor,False,842776106131,435188866,74361,OK,False,False,
Google Chromecast 3rd Gen - NEW,35.0,In stock,14,AVAILABLE,2279A06GN55K,Home Page/Electronics/Home Audio & Theater/Home Theater/Media Players & Recorders/Google Chromecast,00842776106131,False,Streaming Media Players,Lebanon Supercenter,1800 S Jefferson Ave,Lebanon,False,842776106131,435188866,65536,MO,False,False,
Google Chromecast 3rd Gen - NEW,35.0,In stock,31,AVAILABLE,2279A06GN55K,Home Page/Electronics/Home Audio & Theater/Home Theater/Media Players & Recorders/Google Chromecast,00842776106131,False,Streaming Media Players,Poteau Supercenter,3108 N Broadway St,Poteau,False,842776106131,435188866,74953,OK,False,False,
Google Chromecast 3rd Gen - NEW,35.0,In stock,33,AVAILABLE,2279A06GN55K,Home Page/Electronics/Home Audio & Theater/Home Theater/Media Players & Recorders/Google Chromecast,00842776106131,False,Streaming Media Players,Nashville Supercenter,1710 S 4th St,Nashville,False,842776106131,435188866,71852,AR,False,False,
Google Chromecast 3rd Gen - NEW,35.0,In stock,34,AVAILABLE,2279A06GN55K,Home Page/Electronics/Home Audio & Theater/Home Theater/Media Players & Recorders/Google Chromecast,00842776106131,False,Streaming Media Players,Nevada Supercenter,2250 Lincoln Ave,Nevada,False,842776106131,435188866,64772,MO,False,False,
Google Chromecast 3rd Gen - NEW,35.0,In stock,15,AVAILABLE,2279A06GN55K,Home Page/Electronics/Home Audio & Theater/Home Theater/Media Players & Recorders/Google Chromecast,00842776106131,False,Streaming Media Players,West Plains Supercenter,1310 Preacher Roe Blvd,West Plains,False,842776106131,435188866,65775,MO,False,False,
Google Chromecast 3rd Gen - NEW,35.0,In stock,28,AVAILABLE,2279A06GN55K,Home Page/Electronics/Home Audio & Theater/Home Theater/Media Players & Recorders/Google Chromecast,00842776106131,False,Streaming Media Players,Miami Supercenter,2415 N Main St,Miami,False,842776106131,435188866,74354,OK,False,False,
Google Chromecast 3rd Gen - NEW,35.0,In stock,19,AVAILABLE,2279A06GN55K,Home Page/Electronics/Home Audio & Theater/Home Theater/Media Players & Recorders/Google Chromecast,00842776106131,False,Streaming Media Players,Poplar Bluff Supercenter,333 S Westwood Blvd,Poplar Bluff,False,842776106131,435188866,63901,MO,False,False,
Google Chromecast 3rd Gen - NEW,35.0,In stock,25,AVAILABLE,2279A06GN55K,Home Page/Electronics/Home Audio & Theater/Home Theater/Media Players & Recorders/Google Chromecast,00842776106131,False,Streaming Media Players,Mexico Supercenter,4820 S Clark St,Mexico,False,842776106131,435188866,65265,MO,False,False,
Google Chromecast 3rd Gen - NEW,35.0,In stock,16,AVAILABLE,2279A06GN55K,Home Page/Electronics/Home Audio & Theater/Home Theater/Media Players & Recorders/Google Chromecast,00842776106131,False,Streaming Media Players,Van Buren Supercenter,2214 Fayetteville Rd,Van Buren,False,842776106131,435188866,72956,AR,False,False,
Google Chromecast 3rd Gen - NEW,35.0,In stock,36,AVAILABLE,2279A06GN55K,Home Page/Electronics/Home Audio & Theater/Home Theater/Media Players & Recorders/Google Chromecast,00842776106131,False,Streaming Media Players,Paragould Supercenter,2802 W Kingshighway,Paragould,False,842776106131,435188866,72450,AR,False,False,
Google Chromecast 3rd Gen - NEW,35.0,In stock,27,AVAILABLE,2279A06GN55K,Home Page/Electronics/Home Audio & Theater/Home Theater/Media Players & Recorders/Google Chromecast,00842776106131,False,Streaming Media Players,Salem Supercenter,1101 W Highway 32,Salem,False,842776106131,435188866,65560,MO,False,False,
Google Chromecast 3rd Gen - NEW,35.0,In stock,24,AVAILABLE,2279A06GN55K,Home Page/Electronics/Home Audio & Theater/Home Theater/Media Players & Recorders/Google Chromecast,00842776106131,False,Streaming Media Players,Jacksonville Supercenter,2000 John Harden Dr,Jacksonville,False,842776106131,435188866,72076,AR,False,False,
Google Chromecast 3rd Gen - NEW,35.0,In stock,20,AVAILABLE,2279A06GN55K,Home Page/Electronics/Home Audio & Theater/Home Theater/Media Players & Recorders/Google Chromecast,00842776106131,False,Streaming Media Players,Clinton Supercenter,1712 E Ohio St,Clinton,False,842776106131,435188866,64735,MO,False,False,
Google Chromecast 3rd Gen - NEW,35.0,In stock,35,AVAILABLE,2279A06GN55K,Home Page/Electronics/Home Audio & Theater/Home Theater/Media Players & Recorders/Google Chromecast,00842776106131,False,Streaming Media Players,Manhattan Supercenter,101 Bluemont Ave,Manhattan,False,842776106131,435188866,66502,KS,False,False,
Google Chromecast 3rd Gen - NEW,35.0,In stock,10,AVAILABLE,2279A06GN55K,Home Page/Electronics/Home Audio & Theater/Home Theater/Media Players & Recorders/Google Chromecast,00842776106131,False,Streaming Media Players,Tahlequah Supercenter,2020 S Muskogee Ave,Tahlequah,False,842776106131,435188866,74464,OK,False,False,
Google Chromecast 3rd Gen - NEW,35.0,In stock,4,AVAILABLE,2279A06GN55K,Home Page/Electronics/Home Audio & Theater/Home Theater/Media Players & Recorders/Google Chromecast,00842776106131,False,Streaming Media Players,Siloam Springs Supercenter,2901 Highway 412 E,Siloam Springs,False,842776106131,435188866,72761,AR,False,False,
Google Chromecast 3rd Gen - NEW,35.0,In stock,2,AVAILABLE,2279A06GN55K,Home Page/Electronics/Home Audio & Theater/Home Theater/Media Players & Recorders/Google Chromecast,00842776106131,False,Streaming Media Players,Harrison Supercenter,161 N Walmart Dr,Harrison,False,842776106131,435188866,72601,AR,False,False,
Google Chromecast 3rd Gen - NEW,35.0,In stock,43,AVAILABLE,2279A06GN55K,Home Page/Electronics/Home Audio & Theater/Home Theater/Media Players & Recorders/Google Chromecast,00842776106131,False,Streaming Media Players,Junction City Supercenter,521 E Chestnut St,Junction City,False,842776106131,435188866,66441,KS,False,False,
Google Chromecast 3rd Gen - NEW,35.0,In stock,38,AVAILABLE,2279A06GN55K,Home Page/Electronics/Home Audio & Theater/Home Theater/Media Players & Recorders/Google Chromecast,00842776106131,False,Streaming Media Players,Idabel Supercenter,1907 Se Washington St,Idabel,False,842776106131,435188866,74745,OK,False,False,
Google Chromecast 3rd Gen - NEW,35.0,In stock,41,AVAILABLE,2279A06GN55K,Home Page/Electronics/Home Audio & Theater/Home Theater/Media Players & Recorders/Google Chromecast,00842776106131,False,Streaming Media Players,Bartlesville Supercenter,4000 Se Green Country Rd,Bartlesville,False,842776106131,435188866,74006,OK,False,False,
Google Chromecast 3rd Gen - NEW,35.0,In stock,42,AVAILABLE,2279A06GN55K,Home Page/Electronics/Home Audio & Theater/Home Theater/Media Players & Recorders/Google Chromecast,00842776106131,False,Streaming Media Players,Coffeyville Supercenter,1863 Cr 5300,Coffeyville,False,842776106131,435188866,67337,KS,False,False,
Google Chromecast 3rd Gen - NEW,35.0,In stock,48,AVAILABLE,2279A06GN55K,Home Page/Electronics/Home Audio & Theater/Home Theater/Media Players & Recorders/Google Chromecast,00842776106131,False,Streaming Media Players,Monett Supercenter,885 E Us Highway 60,Monett,False,842776106131,435188866,65708,MO,False,False,
Google Chromecast 3rd Gen - NEW,35.0,In stock,45,AVAILABLE,2279A06GN55K,Home Page/Electronics/Home Audio & Theater/Home Theater/Media Players & Recorders/Google Chromecast,00842776106131,False,Streaming Media Players,Jonesboro Supercenter,1815 E Highland Dr,Jonesboro,False,842776106131,435188866,72401,AR,False,False,
Google Chromecast 3rd Gen - NEW,35.0,In stock,56,AVAILABLE,2279A06GN55K,Home Page/Electronics/Home Audio & Theater/Home Theater/Media Players & Recorders/Google Chromecast,00842776106131,False,Streaming Media Players,Ava Supercenter,1309 Nw 12th Ave,Ava,False,842776106131,435188866,65608,MO,False,False,
Google Chromecast 3rd Gen - NEW,35.0,In stock,54,AVAILABLE,2279A06GN55K,Home Page/Electronics/Home Audio & Theater/Home Theater/Media Players & Recorders/Google Chromecast,00842776106131,False,Streaming Media Players,Springdale Supercenter,2004 S Pleasant St,Springdale,False,842776106131,435188866,72764,AR,False,False,
Google Chromecast 3rd Gen - NEW,35.0,In stock,50,AVAILABLE,2279A06GN55K,Home Page/Electronics/Home Audio & Theater/Home Theater/Media Players & Recorders/Google Chromecast,00842776106131,False,Streaming Media Players,Vinita Supercenter,268 S 7th St,Vinita,False,842776106131,435188866,74301,OK,False,False,
Google Chromecast 3rd Gen - NEW,35.0,In stock,70,AVAILABLE,2279A06GN55K,Home Page/Electronics/Home Audio & Theater/Home Theater/Media Players & Recorders/Google Chromecast,00842776106131,False,Streaming Media Players,West Memphis Supercenter,798 W Service Rd,West Memphis,False,842776106131,435188866,72301,AR,False,False,
Google Chromecast 3rd Gen - NEW,35.0,In stock,68,AVAILABLE,2279A06GN55K,Home Page/Electronics/Home Audio & Theater/Home Theater/Media Players & Recorders/Google Chromecast,00842776106131,False,Streaming Media Players,Wynne Supercenter,800 Highway 64 E,Wynne,False,842776106131,435188866,72396,AR,False,False,
Google Chromecast 3rd Gen - NEW,35.0,In stock,61,AVAILABLE,2279A06GN55K,Home Page/Electronics/Home Audio & Theater/Home Theater/Media Players & Recorders/Google Chromecast,00842776106131,False,Streaming Media Players,Warrensburg Supercenter,301 E Cooper St,Warrensburg,False,842776106131,435188866,64093,MO,False,False,
Google Chromecast 3rd Gen - NEW,35.0,In stock,64,AVAILABLE,2279A06GN55K,Home Page/Electronics/Home Audio & Theater/Home Theater/Media Players & Recorders/Google Chromecast,00842776106131,False,Streaming Media Players,Brownsville Supercenter,1100 S Dupree Ave,Brownsville,False,842776106131,435188866,38012,TN,False,False,
Google Chromecast 3rd Gen - NEW,35.0,In stock,62,AVAILABLE,2279A06GN55K,Home Page/Electronics/Home Audio & Theater/Home Theater/Media Players & Recorders/Google Chromecast,00842776106131,False,Streaming Media Players,Blytheville Supercenter,3700 E Highway 18,Blytheville,False,842776106131,435188866,72315,AR,False,False,
Google Chromecast 3rd Gen - NEW,35.0,In stock,37,AVAILABLE,2279A06GN55K,Home Page/Electronics/Home Audio & Theater/Home Theater/Media Players & Recorders/Google Chromecast,00842776106131,False,Streaming Media Players,Farmington Supercenter,707 Walton Dr,Farmington,False,842776106131,435188866,63640,MO,False,False,
Google Chromecast 3rd Gen - NEW,35.0,In stock,63,AVAILABLE,2279A06GN55K,Home Page/Electronics/Home Audio & Theater/Home Theater/Media Players & Recorders/Google Chromecast,00842776106131,False,Streaming Media Players,Wagoner Supercenter,410 S Dewey Ave,Wagoner,False,842776106131,435188866,74467,OK,False,False,
Google Chromecast 3rd Gen - NEW,35.0,In stock,65,AVAILABLE,2279A06GN55K,Home Page/Electronics/Home Audio & Theater/Home Theater/Media Players & Recorders/Google Chromecast,00842776106131,False,Streaming Media Players,Sullivan Supercenter,350 Park Ridge Rd,Sullivan,False,842776106131,435188866,63080,MO,False,False,
Google Chromecast 3rd Gen - NEW,35.0,In stock,60,AVAILABLE,2279A06GN55K,Home Page/Electronics/Home Audio & Theater/Home Theater/Media Players & Recorders/Google Chromecast,00842776106131,False,Streaming Media Players,Troy Supercenter,101 Highway 47 E,Troy,False,842776106131,435188866,63379,MO,False,False,
Google Chromecast 3rd Gen - NEW,35.0,In stock,55,AVAILABLE,2279A06GN55K,Home Page/Electronics/Home Audio & Theater/Home Theater/Media Players & Recorders/Google Chromecast,00842776106131,False,Streaming Media Players,Booneville Supercenter,1400 East Main St,Booneville,False,842776106131,435188866,72927,AR,False,False,
Google Chromecast 3rd Gen - NEW,35.0,In stock,58,AVAILABLE,2279A06GN55K,Home Page/Electronics/Home Audio & Theater/Home Theater/Media Players & Recorders/Google Chromecast,00842776106131,False,Streaming Media Players,Russellville Supercenter,2409 E Main St,Russellville,False,842776106131,435188866,72802,AR,False,False,
Google Chromecast 3rd Gen - NEW,35.0,In stock,66,AVAILABLE,2279A06GN55K,Home Page/Electronics/Home Audio & Theater/Home Theater/Media Players & Recorders/Google Chromecast,00842776106131,False,Streaming Media Players,Clarksville Supercenter,230 Market St.,Clarksville,False,842776106131,435188866,72830,AR,False,False,
Google Chromecast 3rd Gen - NEW,35.0,In stock,52,AVAILABLE,2279A06GN55K,Home Page/Electronics/Home Audio & Theater/Home Theater/Media Players & Recorders/Google Chromecast,00842776106131,False,Streaming Media Players,Hot Springs Supercenter,1601 Albert Pike Rd,Hot Springs,False,842776106131,435188866,71913,AR,False,False,
Google Chromecast 3rd Gen - NEW,35.0,In stock,29,AVAILABLE,2279A06GN55K,Home Page/Electronics/Home Audio & Theater/Home Theater/Media Players & Recorders/Google Chromecast,00842776106131,False,Streaming Media Players,Jefferson City Supercenter,724 Stadium West Blv,Jefferson City,False,842776106131,435188866,65109,MO,False,False,
Google Chromecast 3rd Gen - NEW,35.0,In stock,69,AVAILABLE,2279A06GN55K,Home Page/Electronics/Home Audio & Theater/Home Theater/Media Players & Recorders/Google Chromecast,00842776106131,False,Streaming Media Players,Festus Supercenter,650 S Truman Blvd,Festus,False,842776106131,435188866,63028,MO,False,False,
Google Chromecast 3rd Gen - NEW,35.0,In stock,46,AVAILABLE,2279A06GN55K,Home Page/Electronics/Home Audio & Theater/Home Theater/Media Players & Recorders/Google Chromecast,00842776106131,False,Streaming Media Players,Bolivar Supercenter,2451 S Springfield Ave,Bolivar,False,842776106131,435188866,65613,MO,False,False,
Google Chromecast 3rd Gen - NEW,35.0,In stock,49,AVAILABLE,2279A06GN55K,Home Page/Electronics/Home Audio & Theater/Home Theater/Media Players & Recorders/Google Chromecast,00842776106131,False,Streaming Media Players,Hugo Supercenter,1911 E Jackson St,Hugo,False,842776106131,435188866,74743,OK,False,False,
Google Chromecast 3rd Gen - NEW,35.0,In stock,47,AVAILABLE,2279A06GN55K,Home Page/Electronics/Home Audio & Theater/Home Theater/Media Players & Recorders/Google Chromecast,00842776106131,False,Streaming Media Players,Sallisaw Supercenter,1101 W Ruth Ave,Sallisaw,False,842776106131,435188866,74955,OK,False,False,
Google Chromecast 3rd Gen - NEW,35.0,In stock,39,AVAILABLE,2279A06GN55K,Home Page/Electronics/Home Audio & Theater/Home Theater/Media Players & Recorders/Google Chromecast,00842776106131,False,Streaming Media Players,Fort Scott Supercenter,2500 S Main St,Fort Scott,False,842776106131,435188866,66701,KS,False,False,
Google Chromecast 3rd Gen - NEW,35.0,In stock,51,AVAILABLE,2279A06GN55K,Home Page/Electronics/Home Audio & Theater/Home Theater/Media Players & Recorders/Google Chromecast,00842776106131,False,Streaming Media Players,Fulton Supercenter,1701 N Bluff St,Fulton,False,842776106131,435188866,65251,MO,False,False,
Google Chromecast 3rd Gen - NEW,35.0,In stock,40,AVAILABLE,2279A06GN55K,Home Page/Electronics/Home Audio & Theater/Home Theater/Media Players & Recorders/Google Chromecast,00842776106131,False,Streaming Media Players,Moberly Supercenter,1301 E Highway 24,Moberly,False,842776106131,435188866,65270,MO,False,False,
Google Chromecast 3rd Gen - NEW,35.0,In stock,71,AVAILABLE,2279A06GN55K,Home Page/Electronics/Home Audio & Theater/Home Theater/Media Players & Recorders/Google Chromecast,00842776106131,False,Streaming Media Players,Pocahontas Supercenter,1415 Highway 67 S,Pocahontas,False,842776106131,435188866,72455,AR,False,False,
Google Chromecast 3rd Gen - NEW,35.0,In stock,78,AVAILABLE,2279A06GN55K,Home Page/Electronics/Home Audio & Theater/Home Theater/Media Players & Recorders/Google Chromecast,00842776106131,False,Streaming Media Players,Marshfield Supercenter,14740 State Hwy #38,Marshfield,False,842776106131,435188866,65706,MO,False,False,
Google Chromecast 3rd Gen - NEW,35.0,In stock,82,AVAILABLE,2279A06GN55K,Home Page/Electronics/Home Audio & Theater/Home Theater/Media Players & Recorders/Google Chromecast,00842776106131,False,Streaming Media Players,Perryville Supercenter,1750 S Perryville Blvd,Perryville,False,842776106131,435188866,63775,MO,False,False,
Google Chromecast 3rd Gen - NEW,35.0,In stock,73,AVAILABLE,2279A06GN55K,Home Page/Electronics/Home Audio & Theater/Home Theater/Media Players & Recorders/Google Chromecast,00842776106131,False,Streaming Media Players,Sapulpa Supercenter,1002 W Taft St,Sapulpa,False,842776106131,435188866,74066,OK,False,False,
Google Chromecast 3rd Gen - NEW,35.0,In stock,89,AVAILABLE,2279A06GN55K,Home Page/Electronics/Home Audio & Theater/Home Theater/Media Players & Recorders/Google Chromecast,00842776106131,False,Streaming Media Players,Camdenton Supercenter,94 Cecil St,Camdenton,False,842776106131,435188866,65020,MO,False,False,
Google Chromecast 3rd Gen - NEW,35.0,In stock,103,AVAILABLE,2279A06GN55K,Home Page/Electronics/Home Audio & Theater/Home Theater/Media Players & Recorders/Google Chromecast,00842776106131,False,Streaming Media Players,Shawnee Supercenter,196 Shawnee Mall Dr,Shawnee,False,842776106131,435188866,74804,OK,False,False,
Google Chromecast 3rd Gen - NEW,35.0,In stock,75,AVAILABLE,2279A06GN55K,Home Page/Electronics/Home Audio & Theater/Home Theater/Media Players & Recorders/Google Chromecast,00842776106131,False,Streaming Media Players,Pineville Supercenter,3636 Monroe Hwy,Pineville,False,842776106131,435188866,71360,LA,False,False,
Google Chromecast 3rd Gen - NEW,35.0,In stock,87,AVAILABLE,2279A06GN55K,Home Page/Electronics/Home Audio & Theater/Home Theater/Media Players & Recorders/Google Chromecast,00842776106131,False,Streaming Media Players,Minden Supercenter,1379 Homer Rd,Minden,False,842776106131,435188866,71055,LA,False,False,
Google Chromecast 3rd Gen - NEW,35.0,In stock,79,AVAILABLE,2279A06GN55K,Home Page/Electronics/Home Audio & Theater/Home Theater/Media Players & Recorders/Google Chromecast,00842776106131,False,Streaming Media Players,Joplin Supercenter,2623 W 7th St,Joplin,False,842776106131,435188866,64801,MO,False,False,
Google Chromecast 3rd Gen - NEW,35.0,In stock,76,AVAILABLE,2279A06GN55K,Home Page/Electronics/Home Audio & Theater/Home Theater/Media Players & Recorders/Google Chromecast,00842776106131,False,Streaming Media Players,Berryville Supercenter,1000 W Trimble Ave,Berryville,False,842776106131,435188866,72616,AR,False,False,
Google Chromecast 3rd Gen - NEW,35.0,In stock,83,AVAILABLE,2279A06GN55K,Home Page/Electronics/Home Audio & Theater/Home Theater/Media Players & Recorders/Google Chromecast,00842776106131,False,Streaming Media Players,Magnolia Supercenter,60 Highway 79 N,Magnolia,False,842776106131,435188866,71753,AR,False,False,
Google Chromecast 3rd Gen - NEW,35.0,In stock,77,AVAILABLE,2279A06GN55K,Home Page/Electronics/Home Audio & Theater/Home Theater/Media Players & Recorders/Google Chromecast,00842776106131,False,Streaming Media Players,Taylor Supercenter,3701 N Main St,Taylor,False,842776106131,435188866,76574,TX,False,False,
Google Chromecast 3rd Gen - NEW,35.0,In stock,81,AVAILABLE,2279A06GN55K,Home Page/Electronics/Home Audio & Theater/Home Theater/Media Players & Recorders/Google Chromecast,00842776106131,False,Streaming Media Players,Stilwell Supercenter,Rr 6 Box 1895,Stilwell,False,842776106131,435188866,74960,OK,False,False,
Google Chromecast 3rd Gen - NEW,35.0,In stock,86,AVAILABLE,2279A06GN55K,Home Page/Electronics/Home Audio & Theater/Home Theater/Media Players & Recorders/Google Chromecast,00842776106131,False,Streaming Media Players,Springfield Supercenter,2825 N Kansas Expy,Springfield,False,842776106131,435188866,65803,MO,False,False,
Google Chromecast 3rd Gen - NEW,35.0,In stock,95,AVAILABLE,2279A06GN55K,Home Page/Electronics/Home Audio & Theater/Home Theater/Media Players & Recorders/Google Chromecast,00842776106131,False,Streaming Media Players,Desloge Supercenter,407 No. State St,Desloge,False,842776106131,435188866,63601,MO,False,False,
Google Chromecast 3rd Gen - NEW,35.0,In stock,100,AVAILABLE,2279A06GN55K,Home Page/Electronics/Home Audio & Theater/Home Theater/Media Players & Recorders/Google Chromecast,00842776106131,False,Streaming Media Players,Bentonville Supercenter,406 S Walton Blvd,Bentonville,False,842776106131,435188866,72712,AR,False,False,
Google Chromecast 3rd Gen - NEW,35.0,In stock,74,AVAILABLE,2279A06GN55K,Home Page/Electronics/Home Audio & Theater/Home Theater/Media Players & Recorders/Google Chromecast,00842776106131,False,Streaming Media Players,Osceola Supercenter,2720 W Keiser Ave,Osceola,False,842776106131,435188866,72370,AR,False,False,
Google Chromecast 3rd Gen - NEW,35.0,In stock,90,AVAILABLE,2279A06GN55K,Home Page/Electronics/Home Audio & Theater/Home Theater/Media Players & Recorders/Google Chromecast,00842776106131,False,Streaming Media Players,Grove Supercenter,2115 S Main St,Grove,False,842776106131,435188866,74344,OK,False,False,
Google Chromecast 3rd Gen - NEW,35.0,In stock,99,AVAILABLE,2279A06GN55K,Home Page/Electronics/Home Audio & Theater/Home Theater/Media Players & Recorders/Google Chromecast,00842776106131,False,Streaming Media Players,Union Supercenter,1445 E Central Ct,Union,False,842776106131,435188866,63084,MO,False,False,
Google Chromecast 3rd Gen - NEW,35.0,In stock,80,AVAILABLE,2279A06GN55K,Home Page/Electronics/Home Audio & Theater/Home Theater/Media Players & Recorders/Google Chromecast,00842776106131,False,Streaming Media Players,Columbia Supercenter,3001 W Broadway,Columbia,False,842776106131,435188866,65203,MO,False,False,
Google Chromecast 3rd Gen - NEW,35.0,In stock,101,AVAILABLE,2279A06GN55K,Home Page/Electronics/Home Audio & Theater/Home Theater/Media Players & Recorders/Google Chromecast,00842776106131,False,Streaming Media Players,Rolla Supercenter,500 S Bishop Ave,Rolla,False,842776106131,435188866,65401,MO,False,False,
Google Chromecast 3rd Gen - NEW,35.0,In stock,85,AVAILABLE,2279A06GN55K,Home Page/Electronics/Home Audio & Theater/Home Theater/Media Players & Recorders/Google Chromecast,00842776106131,False,Streaming Media Players,Benton Supercenter,17309 Interstate 30 S,Benton,False,842776106131,435188866,72015,AR,False,False,
Google Chromecast 3rd Gen - NEW,35.0,In stock,91,AVAILABLE,2279A06GN55K,Home Page/Electronics/Home Audio & Theater/Home Theater/Media Players & Recorders/Google Chromecast,00842776106131,False,Streaming Media Players,Forrest City Supercenter,205 Deadrick Rd,Forrest City,False,842776106131,435188866,72335,AR,False,False,
Google Chromecast 3rd Gen - NEW,35.0,In stock,98,AVAILABLE,2279A06GN55K,Home Page/Electronics/Home Audio & Theater/Home Theater/Media Players & Recorders/Google Chromecast,00842776106131,False,Streaming Media Players,Bastrop Supercenter,6091 Mer Rouge Rd,Bastrop,False,842776106131,435188866,71220,LA,False,False,
Google Chromecast 3rd Gen - NEW,35.0,In stock,102,AVAILABLE,2279A06GN55K,Home Page/Electronics/Home Audio & Theater/Home Theater/Media Players & Recorders/Google Chromecast,00842776106131,False,Streaming Media Players,Stuttgart Supercenter,406 E 22nd St,Stuttgart,False,842776106131,435188866,72160,AR,False,False,
Google Chromecast 3rd Gen - NEW,35.0,In stock,88,AVAILABLE,2279A06GN55K,Home Page/Electronics/Home Audio & Theater/Home Theater/Media Players & Recorders/Google Chromecast,00842776106131,False,Streaming Media Players,Mountain Grove Supercenter,2100 N Main Ave,Mountain Grove,False,842776106131,435188866,65711,MO,False,False,
Google Chromecast 3rd Gen - NEW,35.0,In stock,97,AVAILABLE,2279A06GN55K,Home Page/Electronics/Home Audio & Theater/Home Theater/Media Players & Recorders/Google Chromecast,00842776106131,False,Streaming Media Players,Ripley Supercenter,628 Highway 51 N,Ripley,False,842776106131,435188866,38063,TN,False,False,
Google Chromecast 3rd Gen - NEW,35.0,In stock,11,AVAILABLE,2279A06GN55K,Home Page/Electronics/Home Audio & Theater/Home Theater/Media Players & Recorders/Google Chromecast,00842776106131,False,Streaming Media Players,Mountain Home Supercenter,65 Wal Mart Dr,Mountain Home,False,842776106131,435188866,72653,AR,False,False,
Google Chromecast 3rd Gen - NEW,35.0,In stock,93,AVAILABLE,2279A06GN55K,Home Page/Electronics/Home Audio & Theater/Home Theater/Media Players & Recorders/Google Chromecast,00842776106131,False,Streaming Media Players,Covington Supercenter,201 Lanny Bridges Ave,Covington,False,842776106131,435188866,38019,TN,False,False,
Google Chromecast 3rd Gen - NEW,35.0,In stock,96,AVAILABLE,2279A06GN55K,Home Page/Electronics/Home Audio & Theater/Home Theater/Media Players & Recorders/Google Chromecast,00842776106131,False,Streaming Media Players,Harrisonville Supercenter,1700 N State Route 291,Harrisonville,False,842776106131,435188866,64701,MO,False,False,
Google Chromecast 3rd Gen - NEW,35.0,In stock,94,AVAILABLE,2279A06GN55K,Home Page/Electronics/Home Audio & Theater/Home Theater/Media Players & Recorders/Google Chromecast,00842776106131,False,Streaming Media Players,Millington Supercenter,8445 Us Highway 51 N,Millington,False,842776106131,435188866,38053,TN,False,False,
Google Chromecast 3rd Gen - NEW,35.0,In stock,105,AVAILABLE,2279A06GN55K,Home Page/Electronics/Home Audio & Theater/Home Theater/Media Players & Recorders/Google Chromecast,00842776106131,False,Streaming Media Players,Corinth Supercenter,2301 S Harper Rd,Corinth,False,842776106131,435188866,38834,MS,False,False,
